<?xml version="1.0" encoding="UTF-8"?>
<project-private xmlns="http://www.netbeans.org/ns/project-private/1">
    <editor-bookmarks xmlns="http://www.netbeans.org/ns/editor-bookmarks/2" lastBookmarkId="0"/>
    <open-files xmlns="http://www.netbeans.org/ns/projectui-open-files/2">
        <group>
            <file>file:/home/dinesh/Music/Crypto%20lab/src/Exp_6/DSS.java</file>
            <file>file:/home/dinesh/Music/Crypto%20lab/src/Exp_1/Transposition.java</file>
            <file>file:/home/dinesh/Music/Crypto%20lab/src/Exp_1/HillCipher.java</file>
            <file>file:/home/dinesh/Music/Crypto%20lab/src/Exp_7/SHA.java</file>
            <file>file:/home/dinesh/Music/Crypto%20lab/src/Exp_2/Hill.java</file>
        </group>
    </open-files>
</project-private>
